en,de,eu,ro,it,fr,hu,et,fi
a,ein,a,A,un,une,egy,,
ability,Fähigkeit,gaitasuna,abilitate,capacità,aptitude,képesség,võime,kyky
able,fähig,ahal,in stare,capace,capable,képes,võimeline,pystyä
about,Über,buruz,despre,di,sur,ról ről,umbes,noin
above,über,goian,de mai sus,sopra,au dessus de,felett,üle,edellä
accept,akzeptieren,onartu,Accept,accettare,Acceptez,elfogad,aktsepteerima,hyväksyä
according,gemäß,arabera,potrivit,secondo,selon,szerint,vastavalt,mukaan
account,Konto,kontu,cont,account,Compte,számla,konto,tili
across,über,zehar,peste,attraverso,à travers,át,üle,poikki
act,Handlung,egintza,act,atto,acte,törvény,tegu,toimia
action,Aktion,ekintza,acțiune,azione,action,akció,tegevus,toiminta
activity,Aktivität,jarduera,activitate,attività,activité,tevékenység,tegevus,aktiviteetti
actually,tatsächlich,benetan,de fapt,in realtà,réellement,tulajdonképpen,tegelikult,itse asiassa
add,hinzufügen,gehitu,adăuga,Inserisci,ajouter,hozzáad,lisama,lisätä
address,Adresse,helbidea,adresa,indirizzo,adresse,cím,aadress,osoite
administration,Verwaltung,administrazioa,administrare,amministrazione,administration,adminisztráció,haldus,antaminen
admit,eingestehen,aitortu,admite,ammettere,admettre,beismerni,tunnistama,myöntää
adult,Erwachsene,helduen,adult,adulto,adulte,felnőtt,täiskasvanud,aikuinen
affect,beeinflussen,eraginik,a afecta,influenzare,affecter,érint,mõjutama,vaikuttaa
after,nach dem,ondoren,după,dopo,après,után,pärast,jälkeen
again,nochmal,berriro,din nou,ancora,encore,újra,uuesti,uudelleen
against,gegen,aurka,împotriva,contro,contre,ellen,vastu,vastaan
age,Alter,adina,vârstă,età,âge,kor,vanus,ikä
agency,Agentur,agentzia,agenţie,agenzia,agence,ügynökség,agentuur,toimisto
agent,Agent,agentea,agent,agente,agent,ügynök,agent,agentti
ago,vor,duela,în urmă,fa,depuis,ezelőtt,tagasi,sitten
agree,zustimmen,ados,de acord,essere d'accordo,se mettre d'accord,egyetért,nõustuma,olla samaa mieltä
agreement,Zustimmung,hitzarmen,acord,accordo,accord,megegyezés,kokkulepe,sopimus
ahead,voraus,aurrera,înainte,avanti,devant,előre,ees,eteenpäin
air,Luft,aire,aer,aria,air,levegő,õhk,ilma
all,alles,guztiak,toate,tutti,tout,minden,kõik,kaikki
allow,ermöglichen,baimendu,permite,permettere,permettre,lehetővé teszi,lubama,sallia
almost,fast,ia,aproape,quasi,presque,majdnem,peaaegu,melkein
alone,allein,bakarrik,singur,solo,seul,egyedül,üksi,yksin
along,eine lange,batera,de-a lungul,lungo,le long de,mentén,piki,pitkin
already,bereits,jadanik,deja,già,déjà,már,juba,jo
also,ebenfalls,halaber,de asemenea,anche,également,is,ka,myös
although,obwohl,arren,cu toate ca,sebbene,bien que,habár,kuigi,siitä huolimatta
always,immer,beti,mereu,sempre,toujours,mindig,alati,aina
American,amerikanisch,American,american,americano,américain,Amerikai,ameerika,amerikkalainen
among,unter,artean,printre,tra,parmi,között,seas,keskuudessa
amount,Menge,Zenbateko,Cantitate,quantità,montant,összeg,summa,määrä
analysis,Analyse,azterketa,analiză,analisi,une analyse,elemzés,analüüs,analyysi
and,und,eta,și,e,et,és,ja,ja
animal,Tier,animal,animal,animale,animal,állat,loom,eläin
another,Ein weiterer,beste,o alta,un altro,un autre,egy másik,teine,toinen
answer,Antworten,erantzun,Răspuns,risposta,réponse,válasz,vastus,vastaus
any,irgendein,edozein,orice,qualunque,tout,bármilyen,mistahes,minkä tahansa
anyone,jemand,edonork,oricine,chiunque,n'importe qui,bárki,keegi,kukaan
anything,etwas,ezer,orice,nulla,n'importe quoi,bármi,midagi,mitä vain
appear,erscheinen,agertzen,apărea,apparire,apparaître,megjelenik,ilmuma,ilmestyä
apply,sich bewerben,aplikatu,aplica,applicare,appliquer,alkalmaz,kehtima,Käytä
approach,Ansatz,planteamendu,abordare,approccio,approche,megközelítés,lähenemine,lähestyä
area,Bereich,inguruan,zonă,la zona,surface,terület,piirkond,alue
argue,streiten,argudiatu,argumenta,discutere,se disputer,érvel,vaidlema,väitellä
arm,Arm,arm,braţ,braccio,bras,kar,käsi,käsivarsi
around,um,inguruan,în jurul,in giro,autour,körül,ümber,noin
arrive,ankommen,iristen,ajunge,arrivo,arrivée,megérkezik,saabuma,saapua
art,Kunst,art,artă,arte,art,Művészet,kunst,taide
article,Artikel,Artikulu,articol,articolo,article,cikk,artikkel,artikla
artist,Künstler,artistaren,artist,artista,artiste,művész,kunstnik,taiteilija
as,wie,gisa,la fel de,come,comme,mint,nagu,kuten
ask,Fragen,galdetu,cere,Chiedere,demander,kérdez,küsima,kysyä
assume,annehmen,suposatuko,presupune,assumere,assumer,feltételezni,eeldama,olettaa
at,beim,tan,la,a,à,nál nél,juures,at
attack,Attacke,eraso,atac,attacco,attaque,támadás,rünnak,hyökkäys
attention,Beachtung,arreta,Atenţie,Attenzione,attention,Figyelem,tähelepanu,huomio
attorney,Rechtsanwalt,abokatu,avocat,procuratore,avocat,ügyvéd,advokaat,asianajaja
audience,Publikum,ikusleek,public,pubblico,public,közönség,publik,yleisö
author,Autor,egileak,autor,autore,auteur,szerző,autor,kirjailija
authority,Behörde,autoritate,autoritate,autorità,autorité,hatóság,volitused,auktoriteetti
available,verfügbar,eskuragarri,disponibil,a disposizione,disponible,elérhető,saadaval,käytettävissä
avoid,vermeiden,saihestu,evita,evitare,éviter,elkerül,vältima,välttää
away,Weg,urrun,departe,lontano,une façon,el,ära,pois
baby,Baby,umea,bebelus,bambino,bébé,baba,laps,vauva
back,zurück,atzera,înapoi,indietro,retour,hát,tagasi,takaisin
bad,Schlecht,txarra,rău,male,mal,rossz,halb,huono
bag,Tasche,poltsa,sac,Borsa,sac,táska,kott,laukku
ball,Ball,baloia,minge,palla,ballon,labda,pall,pallo
bank,Bank,banku,bancă,banca,banque,bank,pank,pankki
bar,Bar,bar,bar,bar,bar,bár,baar,baari
base,Base,base,baza,base,base,bázis,alus,pohja
be,Sein,izan,fi,essere,être,lenni,olema,olla
beat,schlagen,beat,bate,battere,battre,üt,lööma,lyödä
beautiful,wunderschönen,ederra,frumos,bellissimo,belle,szép,ilus,kaunis
because,da,delako,deoarece,perché,parce que,mert,sest,koska
become,werden,bihurtu,deveni,diventare,devenir,válik,saama,tulla
bed,Bett,ohea,pat,letto,lit,ágy,voodi,sänky
before,Vor,aurretik,inainte de,prima,avant,előtt,enne,ennen
begin,Start,hasiko,începe,inizio,commencer,kezdődik,alustama,alkaa
behavior,Verhalten,jokabidea,comportament,comportamento,comportement,viselkedés,käitumine,käytös
behind,hinter,atzean,in spate,dietro a,derrière,mögött,taga,takana
believe,glauben,uste,crede,credere,croyez,hinni,uskuma,uskoa
benefit,Vorteil,Prestazioa,beneficiu,beneficiare,avantage,haszon,kasu,hyöty
best,Beste,onena,Cel mai bun,migliore,meilleur,legjobb,parim,parhaat
better,besser,hobeto,mai bine,meglio,meilleur,jobb,parem,paremmin
between,zwischen,arteko,între,fra,entre,között,vahel,välillä
beyond,darüber hinaus,haratago,dincolo,al di là,au-delà,túl,üle,ulkopuolella
big,groß,big,mare,grande,gros,nagy,suur,iso
bill,Rechnung,faktura,factură,conto,facture,számla,arve,laskuttaa
billion,Milliarde,milioi,miliard,miliardo,milliard,"milliárd, ezermillió",miljard,miljardi
bit,bisschen,pixka,pic,po,bit,bit,natuke,bitti
black,schwarz,beltza,negru,nero,noir,fekete,must,musta
blood,Blut,odol,sânge,sangue,du sang,vér,veri,veri
blue,Blau,urdinak,albastru,blu,bleu,kék,sinine,sininen
board,Tafel,taula,bord,tavola,planche,tábla,juhatus,lauta
body,Karosserie,body,corp,corpo,corps,test,keha,ruumis
book,Buch,liburu,carte,libro,livre,könyv,raamat,kirja
born,geboren,Born,născut,Nato,née,született,sündinud,syntynyt
both,beide,bai,ambii,tutti e due,tous les deux,mindkét,mõlemad,molemmat
box,Box,box,cutie,scatola,boîte,doboz,kast,laatikko
boy,Junge,mutil,băiat,ragazzo,garçon,fiú,poiss,poika
break,brechen,break,pauză,rompere,Pause,szünet,paus,tauko
bring,bringen,ekarri,aduce,portare,apporter,hoz,tooma,tuoda
brother,Bruder,anaia,frate,fratello,frère,fiú testvér,vend,veli
budget,Budget,aurrekontua,buget,bilancio,budget,költségvetés,eelarve,talousarvio
build,bauen,eraikitzeko,construi,costruire,construire,épít,ehitama,rakentaa
building,Gebäude,eraikin,clădire,costruzione,bâtiment,épület,hoone,rakennus
business,Geschäft,negozio,Afaceri,attività commerciale,affaires,üzleti,äri,liiketoiminta
but,aber,baina,dar,ma,mais,de,aga,mutta
buy,Kaufen,erosi,a cumpara,acquistare,acheter,megvesz,ostma,ostaa
by,durch,arabera,de,di,par,által,kõrval,mennessä
call,Anruf,deiaren,apel,chiamata,appel,hívás,helistama,soittaa puhelimella
camera,Kamera,kamera,aparat foto,telecamera,caméra,kamera,kaamera,kamera
campaign,Kampagne,kanpaina,campanie,campagna,campagne,kampány,kampaania,kampanja
can,können,ahal,poate sa,può,pouvez,tud,saab,voida
cancer,Krebs,minbizia,cancer,cancro,cancer,rák,vähk,syöpä
candidate,Kandidat,hautagai,candidat,candidato,candidat,jelölt,kandidaat,ehdokas
capital,Hauptstadt,hiriburu,capital,capitale,Capitale,főváros,kapital,iso alkukirjain
car,Auto,autoa,mașină,auto,voiture,autó,auto,auto
card,Karte,txartela,card,carta,carte,kártya,kaart,kortti-
care,Pflege,arreta,îngrijire,cura,se soucier,gondoskodás,hoolitsemine,hoito
career,Werdegang,karrera,Carieră,carriera,carrière,karrier,karjäär,ura
carry,tragen,eraman,transporta,trasportare,porter,visz,viima,kuljettaa
case,Fall,Kasu,caz,Astuccio,Cas,ügy,juhtum,tapaus
catch,Fang,harrapaketa,captură,catturare,capture,fogás,saak,saada kiinni
cause,Ursache,kausa,cauza,causa,cause,ok,põhjus,syy
cell,Zelle,zelula,celulă,cellula,cellule,sejt,rakk,solu
center,Center,zentro,centru,centro,centre,központ,Keskus,keskusta
central,zentral,erdiko,central,centrale,central,központi,keskne,keskus-
century,Jahrhundert,mendeko,secol,secolo,siècle,század,sajand,vuosisata
certain,sicher,zenbait,anumit,certo,certain,bizonyos,teatud,tietty
certainly,bestimmt,zalantzarik,cu siguranță,certamente,certainement,biztosan,kindlasti,varmasti
chair,Stuhl,aulki,scaun,sedia,chaise,szék,tool,tuoli
challenge,Herausforderung,erronka,provocare,sfida,défi,kihívás,väljakutse,haaste
chance,Chance,aukera,şansă,opportunità,chance,véletlen,võimalus,mahdollisuus
change,Veränderung,aldaketaren,Schimbare,modificare,changement,változás,muutus,muuttaa
character,Charakter,pertsonaia,caracter,personaggio,personnage,karakter,iseloom,merkki
charge,aufladen,kobratzen,încărca,carica,charge,díj,tasu,veloittaa
check,prüfen,egiaztatu,Verifica,dai un'occhiata,vérifier,jelölje be,Kontrollima,tarkistaa
child,Kind,ume,copil,bambino,enfant,gyermek,laps,lapsi
choice,Wahl,aukera,alegere,scelta,choix,választás,valik,valinta
choose,wählen,aukeratu,alege,scegliere,choisir,választ,valima,valita
church,Kirche,eliza,biserică,Chiesa,église,templom,kirik,kirkko
citizen,Bürger,herritar,cetăţean,cittadino,citoyen,állampolgár,kodanik,kansalainen
city,Stadt,city,oraș,città,ville,város,linn,kaupunki
civil,bürgerlich,zibil,civil,civile,civil,civil,tsiviil-,siviili-
claim,Anspruch,erreklamazioa,Revendicare,Richiesta,prétendre,követelés,nõue,vaatimus
class,Klasse,class,clasă,classe,classe,osztály,klass,luokka
clear,klar,argi,clar,chiaro,clair,egyértelmű,selge,asia selvä
clearly,deutlich,argi eta garbi,clar,chiaramente,clairement,tisztán,selgelt,selvästi
close,schließen,itxi,închide,vicino,Fermer,Bezárás,Sulge,kiinni
coach,Trainer,entrenatzaile,antrenor,allenatore,entraîneur,távolsági busz,treener,valmentaja
cold,kalt,hotz,rece,freddo,du froid,hideg,külm,kylmä
collection,Sammlung,collection,Colectie,collezione,collection,Gyűjtemény,kogumine,kokoelma
college,Hochschule,unibertsitatean,colegiu,Università,Université,főiskola,kolledž,college
color,Farbe,kolore,culoare,colore,Couleur,szín,värv,väri-
come,Kommen Sie,Etorri,veni,venire,viens,jön,tulema,tulla
commercial,kommerziell,komertziala,comercial,commerciale,commercial,kereskedelmi,kaubanduslik,kaupallinen
common,verbreitet,ohikoa,comun,Comune,commun,közös,ühine,yhteinen
community,Gemeinschaft,komunitatea,comunitate,Comunità,communauté,közösség,kogukond,Yhteisö
company,Unternehmen,konpainiak,companie,azienda,entreprise,vállalat,ettevõte,yhtiö
compare,vergleichen Sie,konparatu,comparaţie,confrontare,comparer,hasonlítsa össze,võrdlema,vertailla
computer,Computer,ordenagailu,calculator,computer,ordinateur,számítógép,arvuti,tietokone
concern,"Besorgnis, Sorge",kezka,îngrijorare,preoccupazione,préoccupation,vonatkozik,mure,koskea
condition,Bedingung,baldintza,condiție,condizione,état,feltétel,tingimus,kunto
conference,Konferenz,hitzaldi,conferinţă,conferenza,conférence,konferencia,konverents,konferenssi
Congress,Kongress,Kongresua,Congres,Congresso,Congrès,Kongresszus,kongress,kongressi
consider,Erwägen,kontuan,considera,tenere conto,considérer,fontolgat,arvestama,harkita
consumer,Verbraucher,kontsumitzaile,consumator,consumatore,consommateur,fogyasztó,tarbija,kuluttaja
contain,enthalten,eduki,conține,contenere,contenir,tartalmaz,sisaldama,sisältää
continue,fortsetzen,jarraitu,continua,Continua,continuer,Folytatni,jätkama,jatkaa
control,Steuerung,kontrol,Control,controllo,contrôle,ellenőrzés,kontroll,ohjaus
cost,Kosten,kostua,cost,costo,Coût,költség,maksumus,kustannus
could,könnte,Could,ar putea,poteva,pourrait,tudott,võiks,voisi
country,Land,country,țară,nazione,pays,ország,riik,maa
couple,Paar,pare,cuplu,coppia,couple,párosít,paar,pari
course,Kurs,Ikastaroa,curs,corso,cours,tanfolyam,kursus,kurssi
court,Gericht,epaitegian,curte,Tribunale,tribunal,bíróság,kohus,tuomioistuin
cover,Abdeckung,azal,acoperi,copertina,couverture,borító,kate,peite
create,erstellen,sortzen,crea,creare,créer,teremt,looma,luoda
crime,Kriminalität,krimena,crimă,crimine,la criminalité,bűn,kuritegevus,rikollisuus
cultural,Kultur-,kulturalak,cultural,culturale,culturel,kulturális,kultuuriline,kulttuurinen
culture,Kultur,kultura,cultură,cultura,Culture,kultúra,kultuur,kulttuuri
cup,Tasse,kopa,ceașcă,tazza,tasse,csésze,tass,kuppi
current,aktuell,egungo,actual,attuale,actuel,jelenlegi,praegune,nykyinen
customer,Kunde,bezero,client,cliente,client,vevő,klient,asiakas
cut,Schnitt,ebaki,a taia,taglio,Couper,vágott,lõigatud,leikata
dark,dunkel,iluna,întuneric,buio,foncé,sötét,tume,tumma
data,Daten,datuak,date,dati,Les données,adat,andmed,data
daughter,Tochter,alaba,fiică,figlia,fille,lánya,tütar,tytär
day,Tag,egun,zi,giorno,journée,nap,päev,päivä
dead,tot,hildako,mort,morto,morte,halott,surnud,kuollut
deal,Deal,tratua,afacere,affare,traiter,üzlet,tehing,sopimus
death,Tod,heriotza,moarte,Morte,mort,halál,surm,kuolema
debate,Debatte,eztabaida,dezbate,discussione,débat,vita,arutelu,keskustelu
decade,Dekade,hamarkada,deceniu,decennio,décennie,évtized,kümnend,vuosikymmen
decide,entscheiden,erabakitzeko,decide,decidere,décider,döntsd el,otsustama,päättää
decision,Entscheidung,Erabaki,decizie,decisione,décision,döntés,otsus,päätös
deep,tief,sakona,adâncime,in profondità,Profond,mély,sügav,syvä
defense,Verteidigung,defentsa,apărare,difesa,la défense,védelem,kaitse,puolustus
degree,Grad,Gradu,grad,grado,diplôme,fokozat,aste,aste
Democrat,Demokrat,demokrata,Democrat,Democratico,Démocrate,Demokrata,demokraat,Demokraatti
democratic,demokratisch,demokratikoan,democratic,democratico,démocratique,demokratikus,demokraatlik,demokraattinen
describe,beschreiben,deskribatzea,descrie,descrivere,décrire,leírni,kirjeldama,kuvata
design,Design,diseinua,proiecta,design,conception,tervezés,disain,design
despite,Trotz,arren,in ciuda,nonostante,malgré,annak ellenére,vaatamata,huolimatta
detail,Detail,Xehetasun,detaliu,dettaglio,détail,Részlet,detail,yksityiskohta
determine,bestimmen,zehaztu,a determina,determinare,déterminer,meghatározására,määrama,määrittää
develop,entwickeln,garatzea,dezvolta,sviluppare,développer,fejleszt,arendama,kehittää
development,Entwicklung,garapena,dezvoltare,sviluppo,développement,fejlesztés,areng,kehitys
die,sterben,hiltzen,a muri,morire,mourir,meghal,surema,kuolla
difference,Unterschied,aldea,diferență,differenza,différence,különbség,vahe,ero
different,anders,ezberdinak,diferit,diverso,différent,különböző,erinev,eri
difficult,schwer,zaila,dificil,difficile,difficile,nehéz,raske,vaikea
dinner,Abendessen,afaria,masa de seara,cena,dîner,vacsora,lõuna,päivällinen
direction,Richtung,norabidea,direcţie,direzione,direction,irány,suund,suunta
director,Direktor,zuzendaria,director,direttore,réalisateur,rendező,direktor,johtaja
discover,entdecken,ezagutzeko,descoperi,scoprire,découvrir,felfedez,avastama,löytää
discuss,diskutieren,eztabaidatu,discuta,discutere,discuter,megvitatása,arutama,keskustella
discussion,Diskussion,eztabaida,discuţie,discussione,discussion,vita,arutelu,keskustelu
disease,Krankheit,gaixotasunak,boală,malattia,maladie,betegség,haigus,tauti
do,tun,ez,do,fare,faire,csinál,tegema,tehdä
doctor,Arzt,medikua,doctor,medico,médecin,orvos,arst,lääkäri
dog,Hund,txakur,câine,cane,chien,kutya,koer,koira
door,Tür,ate,uşă,porta,porte,ajtó,uks,ovi
down,Nieder,behera,jos,giù,vers le bas,le-,alla,alas
draw,zeichnen,marrazteko,a desena,disegnare,dessiner,húz,viik,piirtää
dream,Traum,ametsa,vis,sognare,rêver,álom,unistama,unelma
drive,Fahrt,drive,conduce,guidare,conduire,hajtás,ajam,ajaa
drop,fallen,askatu,cădere brusca,far cadere,laissez tomber,csepp,tilk,pudota
drug,Droge,droga,medicament,droga,drogue,drog,ravim,lääke
during,während,zehar,pe parcursul,durante,pendant,alatt,jooksul,aikana
each,jeder,bakoitzeko,fiecare,ogni,chaque,minden egyes,iga,kukin
early,früh,goiz,din timp,presto,de bonne heure,korai,vara,aikaisin
east,Osten,ekialdean,Est,est,est,keleti,ida,itään
easy,einfach,erraza,uşor,facile,facile,könnyen,lihtne,helppo
eat,Essen,jan,mânca,mangiare,manger,eszik,sööma,syödä
economic,wirtschaftlich,ekonomikoa,economic,economico,économique,gazdasági,majanduslik,taloudellinen
economy,Wirtschaft,ekonomia,economie,economia,économie,gazdaság,majandus,talous
edge,Kante,ertz,margine,bordo,bord,él,serv,reuna
education,Bildung,hezkuntza,educaţie,formazione scolastica,éducation,oktatás,haridus,koulutus
effect,bewirken,efektu,efect,effetto,effet,hatás,mõju,vaikutus
effort,Anstrengung,esfortzua,efort,sforzo,effort,erőfeszítés,pingutus,ponnistus
eight,acht,zortzi,opt,otto,huit,nyolc,kaheksa,kahdeksan
either,entweder,bai,fie,o,non plus,bármelyik,kumbki,jompikumpi
election,Wahl,hauteskunde,alegere,elezione,élection,választás,valimised,vaalit
else,sonst,bestela,altfel,altro,autre,más,teine,muu
employee,Mitarbeiter,langilea,angajat,dipendente,employé,munkavállaló,töötaja,työntekijä
end,Ende,end,Sfârșit,fine,fin,vég,lõpp,pää
energy,Energie,energia,energie,energia,énergie,energia,energia,energia
enjoy,genießen,gozatzeko,se bucura,godere,prendre plaisir,élvez,nautima,nauttia
enough,genug,nahikoa,destul,abbastanza,assez,elég,piisav,tarpeeksi
enter,eingeben,sartzen,introduce,accedere,entrer,belép,sisenema,tulla sisään
entire,ganz,osoa,întreg,intero,tout,teljes,terve,koko
environment,Umgebung,ingurumena,mediu inconjurator,ambiente,environnement,környezet,keskkond,ympäristö
environmental,Umwelt-,ingurumen,de mediu,ambientale,écologique,környezeti,keskkonna,ympäristö-
especially,insbesondere,"batez ere,",mai ales,particolarmente,notamment,különösen,eriti,erityisesti
establish,Gründen,ezarri,a stabili,stabilire,établir,létrehozni,looma,perustaa
even,sogar,are,chiar,anche,même,még,isegi,jopa
evening,Abend,arratsaldean,seară,sera,soir,este,õhtu,ilta
event,Veranstaltung,gertaera,eveniment,evento,un événement,esemény,sündmus,tapahtuma
ever,je,inoiz,vreodată,mai,déjà,valaha,kunagi,koskaan
every,jeden,guztietan,fiecare,ogni,chaque,minden,iga,joka
everybody,jeder,denek,toata lumea,tutti,Tout le monde,mindenki,kõik,jokainen
everyone,jeder,denek,toata lumea,tutti,toutes les personnes,mindenki,igaüks,jokainen
everything,alles,dena,Tot,qualunque cosa,tout,minden,kõik,kaikki
evidence,Beweis,frogak,evidență,prova,preuve,bizonyíték,tõend,näyttö
exactly,genau,zehazki,exact,Esattamente,exactement,pontosan,täpselt,tarkalleen
example,Beispiel,Adibidez,exemplu,esempio,Exemple,példa,näide,esimerkki
executive,Exekutive,exekutiboa,executiv,esecutivo,exécutif,végrehajtó,täidesaatev,johtaja
exist,existieren,existitzen,exista,esistere,exister,létezik,eksisteerima,olla olemassa
expect,erwarten von,espero,aştepta,aspettarsi,attendre,elvár,ootama,odottaa
experience,Erfahrung,esperientzia,experienţă,Esperienza,expérience,tapasztalat,kogemus,kokea
expert,Experte,aditua,expert,esperto,expert,szakértő,ekspert,asiantuntija
explain,erklären,azaldu,explica,spiegare,Explique,megmagyarázni,seletama,selittää
eye,Auge,begi,ochi,occhio,œil,szem,silm,silmä
face,Gesicht,aurpegia,față,viso,visage,arc,nägu,kasvot
fact,Tatsache,Izan,fapt,fatto,fait,tény,asjaolu,tosiasia
factor,Faktor,faktore,factor,fattore,facteur,tényező,faktor,tekijä
fail,Scheitern,huts,eșua,fallire,échouer,nem sikerül,ei,epäonnistua
fall,fallen,erori,cădea,autunno,tomber,esik,kukkuma,pudota
family,Familie,familia,familie,famiglia,famille,család,pere,perhe
far,weit,urrun,departe,lontano,loin,messze,kaugele,pitkälle
fast,schnell,azkarra,rapid,veloce,vite,gyors,kiire,nopeasti
father,Vater,aita,Tată,padre,père,apa,isa,isä
fear,Angst,beldurra,frică,paura,peur,félelem,hirm,pelko
federal,Bundes-,federal,federal,federale,fédéral,szövetségi,föderaalne,liittovaltion-
feel,Gefühl,sentitzen,simți,sentire,ressentir,érez,tundma,tuntea
feeling,Gefühl,sentimendu,sentiment,sensazione,sentiment,érzés,tunne,tunne
few,wenige,gutxi,puțini,pochi,peu,kevés,mõned,harvat
field,Feld,eremu,camp,campo,champ,mező,väli,ala
fight,kämpfen,borroka,luptă,combattimento,bats toi,harc,võitlus,taistella
figure,Zahl,Kopuru,figura,figura,figure,ábra,joonis,kuva
fill,füllen,bete,completati,riempire,remplir,tölt,täitma,täyttää
film,Film,film,film,film,film,film,film,elokuva
final,Finale,final,final,finale,final,végső,lõplik,lopullinen
finally,endlich,azkenik,in cele din urma,finalmente,enfin,végül,lõpuks,vihdoin
financial,Finanz-,finantza,financiar,finanziario,financier,pénzügyi,finants-,taloudellinen
find,finden,aurkitu,găsi,trova,trouver,megtalálja,leidma,löytö
fine,fein,fina,amenda,bene,bien,bírság,trahv,hieno
finger,Finger,hatz,deget,dito,doigt,ujj,sõrm,sormi
finish,Fertig,akabera,finalizarea,finire,terminer,Befejez,lõpetama,suorittaa loppuun
fire,Feuer,sute,foc,fuoco,Feu,Tűz,tulekahju,antaa potkut
firm,Feste,irmo,firmă,azienda,raffermir,cég,firma,yritys
first,zuerst,lehenengo,primul,primo,premier,első,esimene,ensimmäinen
fish,Fisch,arrain,peşte,pesce,poisson,hal,kala,kalastaa
five,fünf,bost,cinci,cinque,cinq,öt,viis,viisi
floor,Fußboden,Solairu,podea,pavimento,sol,padló,korrus,lattia
fly,fliegen,hegan,a zbura,volare,voler,légy,lendama,lentää
focus,Fokus,foku,concentra,messa a fuoco,concentrer,fókusz,fookus,fokus
follow,Folgen,jarraitu,urma,Seguire,suivre,kövesse,järgima,seurata
food,Lebensmittel,janari,alimente,cibo,aliments,élelmiszer,toit,ruoka
foot,Fuß,oinez,picior,piede,pied,láb,jalg,jalka
for,zum,egiteko,pentru,per,pour,mert,jaoks,varten
force,Macht,indarrean,forta,vigore,Obliger,erő,jõud,pakottaa
foreign,fremd,Atzerriko,străin,straniero,étranger,külföldi,välis-,ulkomainen
forget,vergessen,ahaztu,a uita,dimenticare,oublier,elfelejt,unustama,unohtaa
form,bilden,inprimaki,formă,modulo,forme,forma,vorm,muoto
former,ehemalige,ohia,fost,ex,ancien,korábbi,endine,entinen
forward,nach vorne,aurrera,redirecţiona,inoltrare,vers l'avant,előre,edasi,eteenpäin
four,vier,lau,patru,quattro,quatre,négy,neli,neljä
free,kostenlos,doan,liber,gratuito,libre,ingyenes,tasuta,vapaa
friend,Freund,Lagun,prieten,amico,ami,barát,sõber,ystävä
from,von,batetik,din,a partire dal,de,tól től,pärit,alkaen
front,Vorderseite,aurrean,față,davanti,de face,elülső,esi-,etuosa
full,voll,osoa,deplin,pieno,plein,teljes,täielik,koko
fund,Fonds,fondoa,fond,fondo,fonds,alap,fond,rahoittaa
future,Zukunft,etorkizun,viitor,futuro,futur,jövő,tulevik,tulevaisuus
game,Spiel,Joko,joc,gioco,Jeu,"játszma, meccs",mäng,peli
garden,Garten,lorategia,grădină,giardino,jardin,kert,aed,puutarha
gas,Gas,gas,gaz,gas,gaz,gáz,gaas,kaasu
general,Allgemeines,general,general,generale,général,Tábornok,üldine,yleinen
generation,Generation,belaunaldi,generaţie,generazione,génération,generáció,põlvkond,sukupolvi
get,erhalten,zaitez,obține,ottenere,obtenir,kap,saama,saada
girl,Mädchen,neska,fată,ragazza,fille,lány,tüdruk,tyttö
give,geben,eman,da,dare,donner,adni,andma,antaa
glass,Glas,beira,sticlă,bicchiere,verre,üveg,klaas,lasi-
go,gehen,joan,merge,partire,aller,megy,minema,mennä
goal,Tor,helburua,poartă,obbiettivo,objectif,cél,eesmärk,tavoite
good,gut,ona,bun,bene,bien,jó,hea,hyvä
government,Regierung,Gobernu,guvern,governo,gouvernement,kormány,valitsus,hallitus
great,großartig,handia,Grozav,grande,génial,nagy,suur,loistava
green,Grün,berdea,verde,verde,vert,zöld,roheline,vihreä
ground,Boden,lurrera,sol,terra,sol,talaj,maa,maa
group,Gruppe,taldeko,grup,gruppo,groupe,csoport,Grupp,ryhmä
grow,wachsen,hazten,crește,crescere,croître,nő,kasvama,kasvaa
growth,Wachstum,hazkundea,creştere,crescita,croissance,növekedés,kasv,kasvu
guess,vermuten,asmatzen,ghici,indovina,deviner,Találd ki,arvama,arvaus
gun,Gewehr,pistola,armă,pistola,pistolet,pisztoly,relv,ase
guy,Kerl,zentzuduna,tip,tipo,gars,fickó,kutt,kaveri
hair,Haar,ilea,păr,capelli,cheveux,haj,juuksed,hiukset
half,Hälfte,erdia,jumătate,metà,moitié,fél,pool,puoli
hand,Hand,eskua,mână,mano,main,kéz,käsi,käsi
hang,hängen,delta,atârna,appendere,pendre,lóg,rippuma,roikkua
happen,geschehen,gertatuko,întâmpla,accadere,se produire,történik,juhtuma,tapahtua
happy,glücklich,zoriontsu,fericit,contento,heureux,boldog,õnnelik,onnellinen
hard,schwer,hard,greu,difficile,difficile,kemény,raske,kova
have,haben,dute,avea,avere,avoir,van,olema,omistaa
he,er,he,el,lui,il,ő,ta,hän
head,Kopf,burua,cap,capo,tête,fej,pea,pää
health,Gesundheit,osasun,sănătate,Salute,santé,Egészség,tervis,terveys
hear,hören,entzun,auzi,sentire,entendre,hall,kuulma,kuulla
heart,Herz,bihotz,inimă,cuore,cœur,szív,süda,sydän
heat,Hitze,bero,căldură,calore,chaleur,hőség,soojus,lämpö
heavy,schwer,heavy,greu,pesante,lourd,nehéz,raske,raskas
help,Hilfe,lagundu,Ajutor,Aiuto,Aidez-moi,Segítség,abi,auta
her,ihr,bere,a ei,sua,sa,neki,tema,hänen
here,Hier,hemen,aici,Qui,ici,itt,siin,tässä
herself,Sie selber,bere burua,se,se stessa,se,önmaga,ise,oma itsensä
high,hoch,handiko,înalt,alto,haute,magas,kõrge,korkea
him,ihm,zion,-l,lui,lui,neki,tema,häntä
himself,selbst,bere burua,se,lui stesso,lui-même,saját maga,ise,hän itse
his,seine,haren,a lui,il suo,le sien,övé,tema,hänen
history,Geschichte,historia,istorie,storia,l'histoire,történelem,ajalugu,historia
hit,schlagen,jo,lovit,colpire,frappé,találat,tabas,osuma
hold,halt,eduki,deține,tenere,tenir,tart,hoidma,pitää
home,Zuhause,hasiera,Acasă,casa,maison,itthon,Kodu,Koti
hope,hoffen,espero,speranţă,speranza,espérer,remény,lootus,toivoa
hospital,Krankenhaus,hospital,spital,ospedale,hôpital,kórház,haigla,sairaala
hot,heiß,beroa,Fierbinte,caldo,chaud,forró,kuum,kuuma
hotel,Hotel,hotel,hotel,Hotel,un hôtel,szálloda,hotell,hotelli
hour,Stunde,ordu,ora,ora,heure,óra,tund,tunnin
house,Haus,etxe,casă,Casa,maison,ház,maja,talo
how,Wie,nola,Cum,Come,Comment,hogyan,kuidas,millä tavalla
however,jedoch,ordea,in orice caz,però,toutefois,azonban,Kuid,kuitenkin
huge,enorm,erraldoia,imens,enorme,énorme,hatalmas,tohutu,valtava
human,Mensch,giza,uman,umano,Humain,emberi,inimene,ihmisen
hundred,hundert,ehun,sută,centinaio,cent,száz,sada,sata
husband,Mann,senarra,soț,marito,mari,férj,abikaasa,aviomies
I,ich,I,eu,io,je,én,mina,minä
idea,Idee,ideia,idee,idea,idée,ötlet,idee,ajatus
identify,identifizieren,identifikatzeko,identifica,identificare,identifier,azonosítani,identifitseerima,tunnistaa
if,ob,bada,dacă,Se,si,ha,kui,jos
image,Bild,irudia,imagine,Immagine,image,kép,pilt,kuva
imagine,vorstellen,imajinatu,imagina,immaginare,imaginer,Képzeld el,kujutada,kuvitella
impact,Auswirkung,eraginaren,efect,urto,impact,hatás,mõju,vaikutus
important,wichtig,garrantzitsua,important,importante,important,fontos,oluline,tärkeä
improve,verbessern,hobetu,îmbunătăţi,Migliorare,améliorer,javul,parandama,parantaa
in,im,in,în,nel,dans,ban ben,sisse,sisään
include,umfassen,"besteak beste,",include,includere,comprendre,tartalmaz,sisaldama,sisältää
including,einschließlich,barne,inclusiv,Compreso,comprenant,beleértve,kaasa arvatud,mukaan lukien
increase,"erhöhen, ansteigen",handitu,crește,aumentare,augmenter,növekedés,suurendama,lisääntyä
indeed,tatsächlich,Hain zuzen ere,intr-adevar,infatti,effectivement,valóban,tõepoolest,todellakin
indicate,zeigen,adierazi,indica,indicare,indiquer,jelez,näitama,osoittaa
individual,Individuell,banakako,individual,individuale,individuel,Egyedi,individuaalne,yksilö
industry,Industrie,industria,industrie,industria,industrie,ipar,tööstus,ala
information,Information,informazio,informație,informazione,information,információ,teave,tiedot
inside,Innerhalb,barrutik,interior,dentro,à l'intérieur,belül,sees,sisällä
instead,stattdessen,ordez,in schimb,anziché,au lieu,helyette,selle asemel,sen sijaan
institution,Institution,erakunde,instituţie,istituzione,institution,intézmény,institutsioon,instituutio
interest,Interesse,interes,interes,interesse,intérêt,érdeklődés,huvi,kiinnostuksen kohde
interesting,interessant,interesgarria,interesant,interessante,intéressant,érdekes,huvitav,mielenkiintoista
international,International,nazioarteko,internaţional,internazionale,international,nemzetközi,rahvusvaheline,kansainvälinen
interview,Interview,elkarrizketa,interviu,colloquio,entrevue,interjú,intervjuu,haastatella
into,in,sartu,în,in,dans,-ba,sisse,osaksi
investment,Investition,inbertsio,investiție,investimento,investissement,beruházás,investeering,investointi
involve,umfassen,suposa,implica,coinvolgere,impliquer,vonja,kaasama,sisältää
issue,Problem,alea,problema,problema,problème,probléma,probleem,ongelma
it,es,da,aceasta,esso,il,azt,see,se
item,Artikel,elementua,articol,articolo,article,tétel,toode,erä
its,es ist,bere,este,suo,ses,annak,selle,sen
itself,selbst,bera,în sine,si,lui-même,maga,ise,itse
job,Job,lana,loc de munca,lavoro,emploi,munka,töö,Job
join,Beitreten,batu,a adera,aderire,joindre,csatlakozik,liituma,liittyä seuraan
just,gerade,besterik,doar,appena,juste,éppen,lihtsalt,vain
keep,behalten,gorde,a pastra,conservare,garder,tart,hoidma,pitää
key,Schlüssel,gakoa,cheie,chiave,clé,kulcs,võti,avain
kid,Kind,Txikitan,copil,ragazzo,enfant,kölyök,laps,lapsi
kill,töten,hiltzeko,ucide,uccidere,tuer,megöl,tapma,tappaa
kind,nett,nolako,drăguț,genere,gentil,kedves,lahke,kiltti
kitchen,Küche,sukaldea,bucătărie,cucina,cuisine,konyha,köök,keittiö
know,kennt,ezagutzen,ști,conoscere,savoir,tud,teadma,tietää
knowledge,Wissen,ezagutza,cunoştinţe,conoscenza,connaissance,tudás,teadmised,tuntemus
land,Land,lurrak,teren,terra,terre,föld,maa,maa
language,Sprache,hizkuntza,limba,linguaggio,la langue,nyelv,keel,Kieli
large,groß,handiak,mare,grande,grand,nagy,suur,suuri
last,zuletzt,azken,ultimul,scorso,dernier,utolsó,viimati,kestää
late,spät,berandu,târziu,in ritardo,en retard,késő,hilja,myöhään
later,später,geroago,mai tarziu,dopo,plus tard,majd később,pärast,myöhemmin
laugh,Lachen,barre,a rade,ridere,rire,nevetés,naerma,nauraa
law,Gesetz,legeak,lege,legge,loi,törvény,seadus,laki
lawyer,Anwalt,abokatu,avocat,avvocato,avocat,jogász,advokaat,lakimies
lay,legen,etzan,pune,posare,allonger,világi,panema,asettaa
lead,führen,ekar,conduce,condurre,conduire,vezet,viima,johtaa
leader,Führer,lider,lider,capo,chef,vezető,juht,johtaja
learn,lernen,ikasten,învăța,imparare,apprendre,tanul,õppima,oppia
least,am wenigsten,gutxienez,cel mai puţin,meno,moins,legkevésbé,kõige vähem,vähiten
leave,verlassen,utzi,părăsi,partire,laisser,szabadság,lahkuma,jättää
left,links,ezker,stânga,sinistra,la gauche,balra,vasakule,vasen
leg,Bein,hanka,picior,gamba,jambe,láb,jalg,jalka
legal,legal,lege,legal,legale,légal,jogi,õiguslik,oikeudellinen
less,Weniger,gutxiago,Mai puțin,Di meno,Moins,Kevésbé,vähem,Vähemmän
let,Lassen,utzi,lăsa,permettere,laisser,enged,laskma,päästää
letter,Brief,gutun,scrisoare,lettera,lettre,levél,kiri,kirjain
level,Niveau,Maila,nivel,livello,niveau,szint,tase,taso
lie,Lüge,gezur,minciună,menzogna,mensonge,hazugság,vale,valehdella
life,Leben,bizitza,viaţă,vita,la vie,élet,elu,elämä
light,Licht,argia,ușoară,luce,lumière,fény,valgus,valo
like,mögen,bezalako,ca,piace,comme,mint,nagu,Kuten
likely,wahrscheinlich,litekeena,probabil,probabile,probable,valószínűleg,tõenäoliselt,todennäköisesti
line,Linie,line,linia,linea,ligne,vonal,liin,linja
list,Liste,zerrenda,listă,elenco,liste,lista,nimekiri,lista
listen,Hör mal zu,entzun,asculta,ascolta,écouter,hallgat,kuulama,kuunnella
little,wenig,gutxi,puțin,poco,peu,kicsit,vähe,vähän
live,Leben,bizi,Trăi,vivere,vivre,élő,elama,elää
local,lokal,local,local,Locale,local,helyi,kohalik,paikallinen
long,lange,luze,lung,lungo,longue,hosszú,pikk,pitkä
look,aussehen,begiratu,uite,Guarda,Regardez,néz,vaatama,Katso
lose,verlieren,galtzen,pierde,perdere,perdre,elveszít,kaotama,menettää
loss,Verlust,galera,pierderi,perdita,perte,veszteség,kaotus,tappio
lot,Menge,asko,mult,lotto,lot,sok,partii,erä
love,Liebe,maite,dragoste,amore,amour,szeretet,armastus,rakkaus
low,niedrig,txikia,scăzut,Basso,faible,alacsony,madal,matala
machine,Maschine,makina,maşină,macchina,machine,gép,masin,kone-
magazine,Zeitschrift,aldizkariak,revistă,rivista,magazine,magazin,ajakiri,aikakauslehti
main,Main,nagusia,principal,principale,principale,fő-,põhiline,tärkein
maintain,pflegen,mantendu,menţine,mantenere,maintenir,fenntart,säilitama,ylläpitää
major,Haupt,garrantzitsu,major,maggiore,Majeur,Jelentősebb,peamine,suuri
majority,Mehrheit,gehiengo,majoritate,maggioranza,majorité,többség,enamus,suurin osa
make,machen,egiteko,face,rendere,faire,csinál,tegema,tehdä
man,Mann,gizon,om,uomo,homme,Férfi,mees,mies
manage,verwalten,kudeatzeko,administra,gestire,gérer,kezel,juhtima,hoitaa
management,Verwaltung,kudeaketan,administrare,gestione,la gestion,vezetés,juhtimine,johto
manager,Manager,kudeatzailea,administrator,manager,directeur,menedzser,juht,johtaja
many,viele,asko,mulți,molti,beaucoup,sok,palju,monet
market,Markt,merkatua,piaţă,mercato,marché,piac,turg,markkinoida
marriage,Ehe,ezkontzaren,căsătorie,matrimonio,mariage,házasság,abielu,avioliitto
material,Material,material,material,Materiale,Matériel,anyag,materjal,materiaali
matter,Angelegenheit,materia,materie,importa,matière,ügy,küsimus,asia
may,kann,may,Mai,potrebbe,peut,lehet,võib,saattaa
maybe,könnte sein,agian,poate,può essere,peut être,talán,võib olla,ehkä
me,mir,me,pe mine,me,moi,nekem,mulle,minulle
mean,bedeuten,esan nahi,însemna,significare,signifier,átlagos,keskmine,tarkoittaa
measure,messen,neurtu,măsura,misurare,mesure,intézkedés,mõõtma,mitata
media,Medien,media,mass-media,media,médias,média,andmekandja,tiedotusvälineet
medical,medizinisch,mediku,medical,medico,médical,orvosi,meditsiini-,lääketieteellinen
meet,Treffen,Ekin,întâlni,incontrare,rencontrer,találkozik,vastama,tavata
meeting,Treffen,bilera,întâlnire,incontro,réunion,találkozó,kohtumine,tapaaminen
member,Mitglied,kidea,membru,membro,membre,tag,liige,jäsen
memory,Erinnerung,memoria,memorie,memoria,Mémoire,memória,mälu,muisti
mention,erwähnen,aipatu,menţiune,citare,mention,említés,mainima,mainita
message,Botschaft,mezua,mesaj,Messaggio,message,üzenet,sõnum,viesti
method,Methode,Metodo,metodă,metodo,méthode,eljárás,meetod,menetelmä
middle,Mitte,erdiko,mijloc,mezzo,milieu,középső,keskmine,keskimmäinen
might,könnte,agian,ar putea,potrebbe,pourrait,esetleg,vägi,mahti
military,Militär-,militarra,militar,militare,militaire,katonai,sõjaline,sotilaallinen
million,Million,milioi,milion,milione,million,millió,miljon,miljoona
mind,Verstand,gogoan,minte,mente,esprit,elme,vaim,mieli
minute,Minute,minute,minut,minuto,minute,perc,minut,minuutti
miss,Fräulein,miss,domnișoară,Perdere,manquer,hiányzik,igatsema,neiti
mission,Mission,misioa,misiune,missione,mission,küldetés,missioon,tehtävä
model,Modell-,eredu,model,modello,modèle,modell,mudel,malli-
modern,modern,modernoa,modern,moderno,moderne,modern,kaasaegne,moderni
moment,Moment,une,moment,momento,moment,pillanat,hetk,hetki
money,Geld,dirua,bani,i soldi,argent,pénz,raha,raha
month,Monat,Hileko,lună,mese,mois,hónap,kuu,kuukausi
more,Mehr,gehiago,Mai Mult,Di Più,plus,több,rohkem,lisää
morning,Morgen,goizean,dimineaţă,mattina,Matin,reggel,hommik,aamu
most,die meisten,gehien,cel mai,maggior parte,plus,a legtöbb,kõige,useimmat
mother,Mutter,ama,mamă,madre,mère,anya,ema,äiti
mouth,Mund,ahoa,gură,bocca,bouche,száj,suu,suu
move,Bewegung,mugimendu,mișcare,mossa,bouge toi,mozog,liikuma,liikkua
movement,Bewegung,mugimendu,circulaţie,movimento,mouvement,mozgalom,liikumine,liike
movie,Film,movie,film,film,film,film,Film,elokuva
Mr,Herr,jauna,Dl,Sig,m,úr,härra,Herra
Mrs,Frau,anderea,doamna,Sig.ra,Mme,Asszony,proua,rouva
much,viel,askoz,mult,tanto,beaucoup,sokkal,palju,paljon
music,Musik-,musika,muzică,musica,la musique,zene,muusika,musiikki
must,Muss,muztioa,trebuie sa,dovere,doit,kell,must,on pakko
my,meine,nire,mele,mio,mon,az én,minu,minun
myself,mich selber,neuk,eu insumi,me stessa,moi même,magamat,mina,itse
name,Name,izen,Nume,nome,prénom,név,nimi,nimi
nation,Nation,nazioaren,naţiune,nazione,nation,nemzet,rahvas,kansakunta
national,National,nazionalak,naţional,nazionale,nationale,nemzeti,riiklik,kansallinen
natural,natürlich,natural,natural,naturale,Naturel,természetes,looduslik,luonnollinen
nature,Natur,natura,natură,natura,la nature,természet,loodus,luonto
near,nahe,gertu,lângă,vicino,près,közel,lähedal,lähellä
nearly,fast,ia,aproape,quasi,presque,közel,ligi,lähes
necessary,notwendig,beharrezkoa,necesar,necessario,nécessaire,szükséges,vajalik,välttämätön
need,brauchen,behar,nevoie,bisogno,avoir besoin,szükség,vajadus,tarve
network,Netzwerk,sarea,reţea,Rete,réseau,hálózat,võrk,verkko
never,noch nie,inoiz ez,nu,mai,jamais,soha,mitte kunagi,ei koskaan
new,Neu,berriaren,nou,nuovo,Nouveau,új,uus,Uusi
news,Nachrichten,Berri,știri,notizia,nouvelles,hírek,uudised,uutiset
newspaper,Zeitung,egunkari,ziar,giornale,journal,újság,ajaleht,sanomalehti
next,Nächster,hurrengo,Următor →,Il prossimo,suivant,következő,järgmine,Seuraava
nice,nett,polita,frumos,simpatico,agréable,szép,kena,kiva
night,Nacht-,gauean,noapte,notte,nuit,éjszaka,öö,yö-
no,Nein,no,Nu,no,non,nem,ei,ei
none,keiner,bat ere ez,nici unul,nessuna,aucun,egyik sem,mitte ükski,ei mitään
nor,Noch,ezta,nici,né,ni,sem,ega,ei myöskään
north,Norden,iparraldean,Nord,nord,Nord,északi,põhja-,pohjoinen
not,nicht,ez,nu,non,ne pas,nem,mitte,ei
note,Hinweis,ohar,Notă,Nota,Remarque,jegyzet,Märge,Huomautus
nothing,nichts,ezer,nimic,Niente,rien,semmi,mitte midagi,ei mitään
notice,beachten,oharra,înștiințare,Avviso,remarquer,értesítés,teade,ilmoitus
now,jetzt,orain,acum,adesso,à présent,Most,nüüd,nyt
n't,nicht,ez,nu,non,NT,nem,ei,ei
number,Nummer,zenbakia,număr,numero,nombre,szám,number,määrä
occur,auftreten,gerta,avea loc,si verificano,se produire,előfordul,toimuma,tapahtua
of,von,of,de,di,de,"nak,-nek",kohta,of
off,aus,off,de pe,via,de,ki,väljas,pois päältä
offer,Angebot,eskaintza,oferi,offrire,offre,ajánlat,pakkumine,tarjous
office,Büro,bulegoan,birou,ufficio,Bureau,hivatal,kontor,toimisto
officer,Offizier,ofizial,ofiţer,ufficiale,officier,tiszt,ohvitser,upseeri
official,offiziell,ofiziala,oficial,ufficiale,officiel,hivatalos,ametlik,virallinen
often,häufig,askotan,de multe ori,spesso,souvent,gyakran,sageli,usein
oh,Oh,ai,Oh,Oh,Oh,ó,oi,vai niin
oil,Öl,olioa,ulei,olio,pétrole,olaj,õli,öljy
ok,OK,Ados,O.K,ok,D'accord,rendben,Okei,kunnossa
old,alt,zaharra,vechi,vecchio,vieux,régi,vana,vanha
on,auf,buruzko,pe,sopra,sur,tovább,edasi,päällä
once,Einmal,behin,o singura data,una volta,une fois que,egyszer,kunagi,kerran
one,ein,bat,unu,uno,un,egy,üks,yksi
only,nur,bakarra,numai,solo,seulement,csak,ainult,vain
onto,auf zu,kalera,pe,su,sur,-ra,peale,päälle
open,öffnen,open,deschis,Aperto,ouvrir,nyisd ki,avatud,avata
operation,Operation,operazioa,operație,operazione,opération,művelet,töö,operaatio
opportunity,Gelegenheit,aukera,oportunitate,opportunità,opportunité,lehetőség,võimalus,tilaisuus
option,Möglichkeit,aukera,opțiune,opzione,option,választási lehetőség,valik,vaihtoehto
or,oder,edo,sau,o,ou,vagy,või,tai
order,Auftrag,ordena,Ordin,ordine,ordre,sorrend,järjekord,tilata
organization,Organisation,antolakuntza,organizare,organizzazione,organisation,szervezet,organisatsioon,organisaatio
other,andere,beste,alte,altro,autre,más,muu,muut
others,Andere,beste batzuk,alții,altri,autres,mások,teised,toiset
our,unsere,gure,al nostru,nostro,notre,mi,meie,meidän
out,aus,out,afară,su,en dehors,ki,välja,ulos
outside,draußen,kanpo,in afara,al di fuori,à l'extérieur,kívül,väljaspool,ulkopuolella
over,Über,gorako,peste,al di sopra di,plus de,felett,üle,yli
own,besitzen,propioa,propriu,proprio,posséder,saját,enda,oma
owner,Inhaber,jabea,proprietar,proprietario,propriétaire,tulajdonos,omanik,omistaja
page,Seite,orri,pagină,pagina,page,oldal,lehekülg,sivu
pain,Schmerzen,mina,durere,dolore,douleur,fájdalom,valu,kipu
painting,Malerei,margolaritza,pictură,pittura,La peinture,festés,värvimine,maalaus
paper,Papier-,paper,hârtie,carta,papier,papír,paber,paperi
parent,Elternteil,guraso,mamă,genitore,parent,szülő,vanem,vanhempi
part,Teil,parte,parte,parte,partie,rész,osa,osa
participant,Teilnehmer,Parte-hartzaile,participant,partecipante,participant,résztvevő,osavõtja,osallistuja
particular,besonders,bereziki,special,particolare,particulier,különös,eriline,tietty
particularly,insbesondere,bereziki,în special,particolarmente,particulièrement,különösen,eriti,erityisesti
partner,Partner,bazkide,partener,compagno,partenaire,partner,partner,kumppani
party,Party,festa,partid,festa,fête,party,partei,juhla
pass,bestehen,pasatzen,trece,passaggio,passer,elhalad,üle andma,kulkea
past,Vergangenheit,iragana,trecut,passato,passé,múlt,minevik,menneisyys
patient,geduldig,Pazientzia,rabdator,paziente,patient,türelmes,patsient,potilas
pattern,Muster,eredua,model,modello,modèle,minta,muster,kuvio
pay,Zahlen,ordaindu,a plati,pagare,Payer,fizetés,maksma,maksaa
peace,Frieden,bakea,pace,pace,paix,béke,rahu,rauha
people,Menschen,jende,oameni,persone,personnes,emberek,inimesed,ihmiset
per,pro,per,pe,per,par,per,kohta,kohti
perform,ausführen,egiteko,a executa,eseguire,effectuer,teljesít,täitma,suorittaa
performance,Performance,errendimendu,performanţă,prestazione,performance,teljesítmény,jõudlus,esitys
perhaps,vielleicht,agian,poate,Forse,peut-être,talán,ehk,ehkä
period,Zeitraum,aldian,perioadă,periodo,période,időszak,periood,aika
person,Person,pertsona,persoană,persona,la personne,személy,isik,henkilö
personal,persönlich,pertsonala,personal,personale,personnel,személyes,isiklik,henkilökohtainen
phone,Telefon,mugikorra,telefon,Telefono,téléphone,telefon,telefon,puhelin
physical,physikalisch,fisikoak,fizic,fisico,physique,fizikai,füüsiline,fyysinen
pick,pflücken,jaso,alege,raccogliere,choisir,szed,korjama,valita
picture,Bild,irudi,imagine,immagine,image,kép,pilt,kuva
piece,Stück,pieza,bucată,pezzo,pièce,darab,tükk,pala
place,Platz,leku,loc,posto,endroit,hely,koht,paikka
plan,planen,plan,plan,Piano,plan,terv,kava,suunnitelma
plant,Pflanze,landare,plantă,pianta,plante,növény,taim,kasvi
play,abspielen,jolastu,Joaca,giocare,jouer,játék,mängima,pelata
player,Spieler,jokalari,jucător,giocatore,joueur,játékos,mängija,pelaaja
PM,PM,ARRATSALDEKO,P.M,PM,PM,DÉLUTÁN,PM,pääministeri
point,Punkt,puntu,punct,punto,point,pont,punkt,kohta
police,Polizei,poliziaren,politie,polizia,police,rendőrség,politsei,Poliisi
policy,Politik,politika,politică,politica,politique,irányelv,poliitika,politiikka
political,politisch,politikoa,politic,politico,politique,politikai,poliitiline,poliittinen
politics,Politik,politika,politică,politica,politique,politika,poliitika,politiikka
poor,Arm,pobrea,sărac,povero,pauvre,szegény,vaene,huono
popular,Beliebt,herri-,popular,popolare,populaire,népszerű,populaarne,suosittu
population,Population,populazio,populație,popolazione,population,népesség,rahvastik,väestö
position,Position,posizio,poziţie,posizione,position,pozíció,seisukoht,asento
positive,positiv,positiboa,pozitiv,positivo,positif,pozitív,positiivne,positiivinen
possible,möglich,posible,posibil,possibile,possible,lehetséges,võimalik,mahdollinen
power,Leistung,power,putere,energia,Puissance,erő,võimsus,teho
practice,trainieren,praktika,practică,pratica,entraine toi,gyakorlat,tava,harjoitella
prepare,bereiten,prestatu,a pregati,preparare,préparer,készít,valmistama,valmistella
present,vorhanden,gaur,prezent,presente,présent,ajándék,käesolev,esittää
president,Präsident,lehendakari,președinte,Presidente,Président,elnök,president,presidentti
pressure,Druck,presio,presiune,pressione,pression,nyomás,surve,paine
pretty,ziemlich,nahiko,frumos,bella,joli,szép,ilus,nätti
prevent,verhindern,saihesteko,împiedica,impedire,prévenir,megelőzése,takistama,estää
price,Preis,prezioa,Preț,prezzo,prix,ár,hind,hinta
private,Privatgelände,pribatuak,privat,privato,privé,magán,privaatne,yksityinen
probably,wahrscheinlich,seguruenik,probabil,probabilmente,Probablement,valószínűleg,tõenäoliselt,todennäköisesti
problem,Problem,arazoa,problemă,problema,problème,probléma,probleem,ongelma
process,verarbeiten,prozesua,proces,processi,processus,folyamat,protsess,käsitellä asiaa
produce,produzieren,ekoizteko,legume și fructe,produrre,produire,gyárt,tootma,tuottaa
product,Produkt,Produktu,produs,Prodotto,produit,termék,toode,tuote
production,Produktion,produkzio,producere,produzione,production,Termelés,tootmine,tuotanto
professional,Professionel,profesionala,profesionist,professionale,professionnel,szakmai,professionaalne,ammattilainen
professor,Professor,irakasle,Profesor,Professore,professeur,Egyetemi tanár,professor,professori
program,Programm,programa,program,programma,programme,program,programm,ohjelmoida
project,Projekt,proiektu,proiect,progetto,projet,program,projekt,projekti
property,Eigentum,jabetza,proprietate,proprietà,propriété,ingatlan,vara,omaisuus
protect,schützen,babestu,proteja,proteggere,protéger,véd,kaitsma,suojella
prove,beweisen,frogatu,dovedi,dimostrare,prouver,bizonyít,tõestama,todistaa
provide,zu Verfügung stellen,ematen,furniza,fornire,fournir,biztosítani,anda,säätää
public,Öffentlichkeit,publiko,public,pubblico,Publique,nyilvános,avalik,julkinen
pull,ziehen,tira,Trage,Tirare,tirez,Húzni,tõmbama,Vedä
purpose,Zweck,helburua,scop,scopo,objectif,célja,eesmärk,tarkoitus
push,drücken,bultzada,Apăsați,Spingere,pousser,nyom,tõuge,työntää
put,stellen,jarri,a pune,mettere,mettre,tesz,panema,laittaa
quality,Qualität,kalitatea,calitate,qualità,qualité,minőség,kvaliteet,laatu
question,Frage,Galdera,întrebare,domanda,question,kérdés,küsimus,kysymys
quickly,schnell,azkar,repede,velocemente,rapidement,gyorsan,kiiresti,nopeasti
quite,ziemlich,nahiko,destul de,abbastanza,assez,egészen,üsna,melko
race,Rennen,lasterketa,cursă,gara,course,verseny,rass,rotu
radio,Radio,radio,radio,Radio,radio,rádió,raadio,radio
raise,erziehen,goratzeko,a ridica,aumentare,élever,emel,tõstma,nostaa
range,Angebot,barruti,gamă,gamma,intervalle,hatótávolság,valik,alue
rate,Bewertung,tasa,rată,Vota,taux,arány,määr,nopeus
rather,lieber,baizik,mai degraba,piuttosto,plutôt,Inkább,pigem,pikemminkin
reach,erreichen,iristeko,a ajunge,raggiungere,atteindre,elérés,jõudma,tavoittaa
read,lesen,irakurri,citit,leggere,lis,olvas,lugenud,lukea
ready,bereit,prest,gata,pronto,prêt,kész,valmis,valmis
real,echt,benetako,real,vero,réal,igazi,tõeline,todellinen
reality,Wirklichkeit,errealitate,realitate,realtà,réalité,valóság,tegelikkus,todellisuus
realize,realisieren,konturatzen,realiza,rendersi conto,prendre conscience de,megvalósítani,mõistma,ymmärtää
really,Ja wirklich,benetan,într-adevăr,veramente,vraiment,igazán,tegelikult,Todella
reason,Grund,arrazoia,motiv,ragionare,raison,ok,põhjus,syy
receive,erhalten,jaso,a primi,ricevere,recevoir,kap,saama,vastaanottaa
recent,kürzlich,azkenaldiko,Recent,recente,récent,friss,hiljutine,viimeaikainen
recently,vor kurzem,Duela gutxi,recent,recentemente,récemment,mostanában,hiljuti,äskettäin
recognize,erkenne,aitortu,recunoaşte,riconoscere,reconnaître,elismerik,tunnistama,tunnistaa
record,Aufzeichnung,erregistro,record,disco,record,rekord,kirje,ennätys
red,rot,gorria,roșu,rosso,rouge,piros,punane,punainen
reduce,reduzieren,murrizteko,reduce,ridurre,réduire,csökkentésére,vähendama,vähentää
reflect,reflektieren,islatu,Reflectați,riflettere,réfléchir,tükrözik,kajastama,heijastaa
region,Region,eskualde,regiune,regione,Région,vidék,piirkond,alue
relate,sich beziehen,erlazionatu,raporta,riferirsi,rapporter,viszonyul,seotud,koskea
relationship,Beziehung,harremana,relaţie,relazione,relation,kapcsolat,suhe,yhteys
religious,religiös,erlijio,religios,religioso,religieux,vallási,usuline,uskonnollinen
remain,bleiben übrig,geratzen,rămâne,rimanere,rester,marad,jääma,jäädä jäljelle
remember,merken,gogoratzen,tine minte,ricorda,rappelles toi,emlékezik,meeles pidama,muistaa
remove,Löschen,kendu,elimina,rimuovere,retirer,eltávolít,eemaldama,poistaa
report,Bericht,txosten,raport,rapporto,rapport,jelentés,aruanne,raportti
represent,vertreten,ordezkatzen,reprezinta,rappresentare,représenter,képvisel,esindama,edustaa
Republican,Republikanisch,errepublikarren,Republican,Repubblicano,Républicain,Köztársasági,vabariiklik,tasavaltalainen
require,benötigen,eskatzen,necesita,richiedere,exiger,kíván,nõudma,vaatia
research,Forschung,ikerketa,cercetare,ricerca,recherche,kutatás,uurimistöö,tutkimus
resource,Ressource,baliabide,resursă,risorsa,Ressource,forrás,ressurss,resurssi
respond,antworten,erantzuten,răspunde,rispondere,répondre,reagál,reageerima,vastata
response,Antwort,erantzunik,raspuns,risposta,réponse,válasz,vastus,vastaus
responsibility,Verantwortung,erantzukizun,responsabilitate,responsabilità,responsabilité,felelősség,vastutus,vastuu
rest,sich ausruhen,atsedena,odihnă,riposo,du repos,pihenés,puhkus,levätä
result,Ergebnis,emaitza,rezultat,risultato,résultat,eredmény,tulemus,tulos
return,Rückkehr,Ordainetan,întoarcere,ritorno,revenir,Visszatérés,tagastamine,palata
reveal,verraten,agerian,dezvălui,svelare,révéler,felfed,avalduma,paljastaa
rich,Reich,aberatsa,bogat,ricco,riches,gazdag,rikas,rikas
right,Recht,eskuineko,dreapta,destra,droite,jobb,õige,oikea
rise,erhebt euch,igoko,creştere,salire,monter,emelkedik,tõusma,kohota
risk,Risiko,arriskua,risc,rischio,risque,kockázat,risk,riski
road,Straße,errepide,drum,strada,route,út,tee,tie
rock,Rock,rock,stâncă,roccia,Roche,szikla,kalju,rock
role,Rolle,rol,rol,ruolo,rôle,szerep,roll,rooli
room,Zimmer,gela,cameră,camera,pièce,szoba,tuba,huone
rule,Regel,arau,regulă,regola,règle,szabály,reegel,sääntö
run,Lauf,Korrika egin,alerga,correre,courir,fuss,jooks,juosta
safe,sicher,seguru,sigur,sicuro,sûr,biztonságos,ohutu,turvallinen
same,gleich,bera,la fel,stesso,même,azonos,sama,sama
save,sparen,gorde,Salvați,salvare,enregistrer,mentés,välja arvatud,Tallentaa
say,sagen,esan,Spune,dire,dire,mond,ütlema,sanoa
scene,Szene,eszena,scenă,scena,scène,színhely,stseen,näkymä
school,Schule,eskola,şcoală,scuola,école,iskola,kool,koulu
science,Wissenschaft,zientzia,ştiinţă,scienza,science,tudomány,teadus,tiede
scientist,Wissenschaftler,zientzialari,om de stiinta,scienziato,scientifique,tudós,teadlane,tiedemies
score,Ergebnis,puntuazio,scor,Punto,But,pontszám,skoor,pisteet
sea,Meer,itsasoa,mare,mare,mer,tenger,meri,meri
season,Jahreszeit,denboraldi,sezon,stagione,saison,évszak,hooaeg,kausi
seat,Sitz,eserlekua,scaun,posto a sedere,siège,ülés,iste,istuin
second,zweite,bigarren,al doilea,secondo,seconde,második,teine,toinen
section,Sektion,atala,secțiune,sezione,section,szakasz,lõik,jakso
security,Sicherheit,segurtasun,Securitate,sicurezza,Sécurité,Biztonság,turvalisus,turvallisuus
see,sehen,ikusi,vedea,vedere,voir,lát,nägema,nähdä
seek,suchen,bilatu,căuta,cercare,chercher,törekszik,otsima,etsiä
seem,scheinen,badirudi,părea,sembrare,sembler,látszik,tundub,näyttää
sell,verkaufen,saldu,vinde,vendere,vendre,elad,müüma,myydä
send,senden,bidali,trimite,inviare,envoyer,elküld,saada,lähettää
senior,Senior,senior,senior,anziano,Sénior,idősebb,vanem,vanhempi
sense,Sinn,zentzu,sens,senso,sens,érzék,meel,tunne
series,Serie,series,serie,serie,séries,sorozat,seeria,sarja
serious,ernst,larri,serios,grave,sérieux,komoly,tõsine,vakava
serve,Dienen,zerbitzatzeko,servi,servire,servir,szolgál,teenima,palvella
service,Bedienung,zerbitzu,serviciu,servizio,un service,szolgáltatás,teenus,palvelu
set,einstellen,multzo,a stabilit,impostato,ensemble,készlet,komplekt,sarja
seven,Sieben,zazpi,Șapte,Sette,Sept,hét,seitse,seitsemän
several,mehrere,zenbait,mai mulți,parecchi,nombreuses,számos,mitu,useat
sex,Sex,sexua,sex,sesso,sexe,szex,sugu,sukupuoli
sexual,Sexual-,sexual,sexual,sessuale,sexuel,szexuális,seksuaalne,seksuaalinen
shake,Shake,astindu,scutura,scuotere,secouer,ráz,raputama,ravistaa
share,Aktie,share,acțiune,Condividere,partager,részvény,osa,Jaa
she,sie,zuen,ea,lei,elle,ő,ta,hän
shoot,schießen,tiro,trage,sparare,tirer,lő,tulistama,ampua
short,kurz,laburrak,mic de statura,corto,court,rövid,lühike,lyhyt
shot,Schuss,jaurtiketa,lovitură,tiro,coup,lövés,lask,laukaus
should,sollte,beharko lukete,ar trebui să,dovrebbero,devrait,kellene,peaks,pitäisi
shoulder,Schulter,sorbalda,umăr,spalla,épaule,váll,õlg,olka
show,Show,ikuskizuna,spectacol,mostrare,spectacle,előadás,näitama,show
side,Seite,alboko,latură,lato,côté,oldal,pool,puoli
sign,Zeichen,zeinu,semn,cartello,signe,jel,märk,merkki
significant,von Bedeutung,esanguratsuak,semnificativ,significativo,important,jelentős,tähtis,merkittävä
similar,ähnlich,antzeko,asemănător,simile,similaire,hasonló,sarnane,samankaltainen
simple,einfach,erraz,simplu,semplice,simple,egyszerű,lihtne,yksinkertainen
simply,einfach,besterik gabe,pur şi simplu,semplicemente,simplement,egyszerűen,lihtsalt,yksinkertaisesti
since,schon seit,geroztik,de cand,da,puisque,mivel,alates,siitä asti kun
sing,singen,abestu,cânta,cantare,chanter,énekel,laulma,laulaa
single,Single,bakar,singur,singolo,unique,egyetlen,ühtne,yksittäinen
sister,Schwester,arreba,soră,sorella,sœur,lánytestvér,õde,sisko
sit,sitzen,eseri,sta,sedersi,asseoir,ül,istuma,istua
site,Seite? ˅,gune,teren,posto,site,webhely,site,paikka
situation,Situation,egoera,situatie,situazione,situation,helyzet,olukord,tilanne
six,sechs,sei,şase,sei,six,hat,kuus,kuusi
size,Größe,tamaina,mărimea,taglia,Taille,méret,suurus,koko
skill,Fertigkeit,trebetasuna,calificare,abilità,compétence,jártasság,oskus,taito
skin,Haut,azala,piele,pelle,peau,bőr,nahk,iho
small,klein,txiki,mic,piccolo,petit,kicsi,väike,pieni
smile,Lächeln,irribarre,zâmbet,"sorriso, sorridere",sourire,mosoly,naeratus,hymy
so,so,"beraz,",asa de,così,alors,így,nii,niin
social,Sozial,social,social,sociale,social,társadalmi,sotsiaalne,sosiaalinen
society,Gesellschaft,gizartea,societate,società,société,társadalom,ühiskond,yhteiskunta
soldier,Soldat,soldadu,soldat,soldato,soldat,katona,sõdur,sotilas
some,etwas,batzuk,niste,alcuni,certains,néhány,mõned,jonkin verran
somebody,jemand,norbait,cineva,qualcuno,quelqu'un,valaki,keegi,joku
someone,jemand,norbait,cineva,qualcuno,Quelqu'un,valaki,keegi,joku
something,etwas,zerbait,ceva,qualcosa,quelque chose,valami,midagi,jotain
sometimes,manchmal,batzuetan,uneori,qualche volta,parfois,néha,mõnikord,joskus
son,Sohn,son,fiu,figlio,fils,fiú,poeg,poika
song,Lied,abesti,cântec,canzone,chanson,dal,laul,laulu
soon,bald,laster,curând,presto,bientôt,hamar,varsti,pian
sort,Sortieren,moduko,fel,ordinare,Trier,fajta,sort,järjestellä
sound,klingen,soinua,sunet,suono,du son,hang,heli,ääni
source,Quelle,iturria,sursă,fonte,la source,forrás,allikas,lähde
south,Süden,hego,sud,Sud,Sud,déli,lõuna,etelä
southern,Süd-,hegoaldean,sudic,meridionale,du sud,déli,lõunapoolne,eteläinen
space,Platz,espazioa,spaţiu,spazio,espace,tér,ruum,tila
speak,sprechen,hitz egin,vorbi,parlare,parler,beszél,rääkima,puhua
special,Besondere,bereziak,special,speciale,spécial,különleges,eriline,erityinen
specific,Spezifisch,espezifikoa,specific,specifico,spécifique,különleges,konkreetne,erityinen
speech,Rede,hizkera,vorbire,discorso,discours,beszéd,kõne,puhe
spend,verbringen,gastatzen,petrece,trascorrere,dépenser,költ,kulutama,viettää
sport,Sport,Kirola,sportiv,sport,sport,Sport,Sport,Urheilu
spring,Frühling,udaberri,primăvară,primavera,printemps,tavaszi,kevad,kevät
staff,Mitarbeiter,langileak,personal,personale,Personnel,személyzet,personal,henkilöstö
stage,Bühne,etapa,etapă,palcoscenico,étape,színpad,etapp,vaihe
stand,Stand,zutik egon,stand,stare in piedi,supporter,állvány,seisma,seistä
standard,Standard,estandarra,standard,standard,la norme,alapértelmezett,standard,standardi
star,Star,izar,stea,stella,étoile,csillag,täht,tähti
start,Start,hasiera,start,inizio,début,Rajt,algus,alkaa
state,Zustand,Estatu,stat,stato,Etat,állapot,riik,osavaltio
statement,Aussage,adierazpen,afirmație,dichiarazione,déclaration,nyilatkozat,avaldus,selvitys
station,Bahnhof,geltoki,statie,stazione,station,állomás,jaam,asema
stay,bleibe,egon,stau,restare,rester,tartózkodás,jää,pysyä
step,Schritt,urrats,Etapa,passo,étape,lépés,samm,vaihe
still,immer noch,oraindik,încă,ancora,encore,még mindig,veel,vielä
stock,Stock,stock,stoc,azione,Stock,Készlet,aktsia,kalusto
stop,halt,gelditu,Stop,fermare,Arrêtez,állj meg,peatus,Stop
store,Geschäft,denda,magazin,memorizzare,le magasin,bolt,pood,myymälä
story,Geschichte,istorioa,poveste,storia,récit,sztori,lugu,tarina
strategy,Strategie,estrategia,strategie,strategia,stratégie,stratégia,strateegia,strategia
street,Straße,kalean,stradă,strada,rue,utca,tänav,katu
strong,stark,indartsu,puternic,forte,fort,erős,tugev,vahva
structure,Struktur,egitura,structura,struttura,structure,szerkezet,struktuur,rakenne
student,Student,Ikasleak,student,alunno,étudiant,diák,õpilane,opiskelija-
study,Studie,azterketa,studiu,studia,étude,tanulmány,Uuring,tutkimus
stuff,Zeug,gauza,chestie,cose,des trucs,dolog,värk,jutut
style,Stil,style,stil,stile,style,stílus,stiil,tyyli
subject,Gegenstand,gaia,subiect,soggetto,assujettir,tantárgy,teema,aihe
success,Erfolg,arrakasta,succes,successo,Succès,siker,edu,menestys
successful,erfolgreich,arrakasta,de succes,riuscito,réussi,sikeres,edukas,onnistunut
such,eine solche,"besteak beste,",astfel de,come,tel,ilyen,selline,sellainen
suddenly,plötzlich,bat-batean,brusc,ad un tratto,soudainement,hirtelen,äkki,yhtäkkiä
suffer,leiden,Jasaten,suferi,soffrire,souffrir,szenvedni,kannatama,kärsiä
suggest,vorschlagen,iradokitzen,sugera,suggerire,suggérer,javasol,soovitama,ehdottaa
summer,Sommer-,uda,vară,estate,été,nyári,suvi,kesä
support,Unterstützung,laguntza,a sustine,supporto,soutien,támogatás,toetus,tuki
sure,sicher,Ziur,sigur,sicuro,sûr,biztos,kindel,varma
surface,Oberfläche,azalera,suprafaţă,superficie,surface,felület,pind,pinta-
system,System,sisteman,sistem,sistema,système,rendszer,süsteem,järjestelmä
table,Tabelle,taula,masa,tavolo,table,asztal,tabel,pöytä
take,nehmen,hartu,lua,prendere,prendre,vesz,võtma,ottaa
talk,sich unterhalten,eztabaida,vorbi,parlare,parler,beszélgetés,rääkima,puhua
task,Aufgabe,zeregin,sarcină,compito,tâche,feladat,ülesanne,tehtävä
tax,MwSt,zerga,impozit,imposta,impôt,adó,maks,verottaa
teach,lehren,irakasteko,a preda,insegnare,apprendre,tanít,õpetama,opettaa
teacher,Lehrer,irakasle,profesor,insegnante,prof,tanár,õpetaja,opettaja
team,Mannschaft,taldeak,echipă,squadra,équipe,csapat,meeskond,tiimi
technology,Technologie,teknologia,tehnologie,tecnologia,La technologie,technológia,tehnoloogia,tekniikka
television,Fernsehen,telebistan,televiziune,televisione,télévision,televízió,televisioon,televisio
tell,sagen,esango,spune,raccontare,dire,mond,ütlema,kertoa
ten,zehn,hamar,zece,dieci,Dix,tíz,kümme,kymmenen
tend,neigen,joera,tind,tendere,tendre,hajlamosak,kipuvad,taipumus
term,Begriff,epe,termen,termine,terme,kifejezés,termin,termi
test,Prüfung,proba,Test,test,tester,teszt,test,testata
than,als,baino,decât,di,que,mint,kui,kuin
thank,danken,eskerrak,mulțumire,grazie,remercier,köszönet,tänama,kiittää
that,Das,hori,acea,quello,cette,hogy,et,että
the,das,du,,il,la,a,,
their,ihr,beren,al lor,loro,leur,azok,nende,heidän
them,Sie,horietako,lor,loro,leur,őket,neid,niitä
themselves,sich,beraiek,înșiși,loro stessi,se,maguk,end,itse
then,dann,gero,atunci,poi,puis,azután,siis,sitten
theory,Theorie,teoria,teorie,teoria,théorie,elmélet,teooria,teoria
there,Dort,ez,Acolo,Là,Là,ott,seal,siellä
these,diese,horiek,aceste,questi,celles-ci,ezek,need,nämä
they,Sie,haiek,ei,essi,ils,ők,nad,ne
thing,Ding,gauza,lucru,cosa,chose,dolog,asi,asia
think,denken,uste,gândi,pensare,pense,gondol,mõtlema,ajatella
third,dritte,hirugarren,al treilea,terzo,troisième,harmadik,kolmas,kolmas
this,diese,hau,acest,Questo,ce,ez,see,Tämä
those,jene,horiek,acestea,quelli,ceux,azok,need,nuo
though,obwohl,arren,deşi,anche se,bien que,bár,kuigi,vaikka
thought,habe gedacht,pentsatu,gândire,pensiero,pensée,gondolat,mõte,ajatus
thousand,tausend,mila,mie,mille,mille,ezer,tuhat,tuhat
threat,Drohung,mehatxua,amenințare,minaccia,menace,fenyegetés,oht,uhkaus
three,drei,hiru,Trei,tre,Trois,három,kolm,kolme
through,durch,bidez,prin,attraverso,à travers,keresztül,läbi,kautta
throughout,während,zehar,de-a lungul,per tutto,tout au long de,egész,läbi kogu,kauttaaltaan
throw,werfen,bota,arunca,gettare,jeter,dobás,viskama,heittää
thus,somit,"beraz,",prin urmare,così,Ainsi,és így,seega,täten
time,Zeit,denbora,timp,tempo,temps,idő,aeg,aika
to,zu,to,la,a,à,nak nek,et,että
today,heute,gaur,astăzi,oggi,aujourd'hui,Ma,täna,tänään
together,zusammen,elkarrekin,împreună,insieme,ensemble,együtt,koos,yhdessä
tonight,heute Abend,gaur gauean,astă seară,stasera,ce soir,ma este,täna õhtul,tänä yönä
too,auch,gehiegi,de asemenea,pure,aussi,is,ka,liian
top,oben,goiko,top,superiore,Haut,felső,top,ylin
total,gesamt,guztira,total,totale,total,teljes,kogusumma,kaikki yhteensä
tough,zäh,gogorra,greu,difficile,dure,kemény,raske,kova
toward,zu,aldera,spre,verso,vers,felé,suunas,kohti
town,"Stadt, Dorf",herri,oraș,cittadina,ville,város,linn,kaupunki
trade,Handel,merkataritza,comerț,commercio,Commerce,kereskedelmi,kaubandus,käydä kauppaa
traditional,traditionell,tradizionalak,tradiţional,tradizionale,traditionnel,hagyományos,traditsiooniline,perinteinen
training,Ausbildung,prestakuntza,Instruire,formazione,entraînement,kiképzés,koolitus,koulutus
travel,Reise,bidaia,călătorie,viaggio,Voyage,utazás,reisimine,matkustaa
treat,behandeln,tratatzeko,trata,trattare,traiter,csemege,käsitlema,kohdella
treatment,Behandlung,tratamendua,tratament,trattamento,traitement,kezelés,ravi,hoito
tree,Baum,zuhaitz,copac,albero,arbre,fa,puu,puu
trial,Versuch,epaiketa,proces,prova,procès,próba,kohtuprotsess,oikeudenkäynti
trip,Ausflug,bidaia,excursie,viaggio,voyage,utazás,reis,matka
trouble,Ärger,arazoak,bucluc,guaio,difficulté,baj,häda,vaivata
TRUE,WAHR,TRUE,ADEVĂRAT,VERO,VRAI,IGAZ,TÕSI,TOTTA
truth,Wahrheit,egia,adevăr,verità,vérité,igazság,tõde,totuus
try,Versuchen,saiatu,încerca,provare,essayer,próbáld ki,püüdma,yrittää
turn,Wende,txanda,viraj,turno,tour,fordulat,pööre,vuoro
TV,Fernseher,TV,televizor,tv,la télé,tévé,TV,TV
two,zwei,bi,Două,Due,deux,két,kaks,kaksi
type,Art,mota,tip,genere,type,típus,tüüp,tyyppi
under,unter,beherako,sub,sotto,sous,alatt,all,alla
understand,verstehen,ulertu,a intelege,capire,comprendre,megért,mõistma,ymmärtää
unit,Einheit,unitate,unitate,unità,unité,egység,üksus,yksikkö
until,bis um,arte,pana cand,fino a,jusqu'à ce que,amíg,kuni,siihen asti kun
up,oben,ireki,sus,su,en haut,fel,üles,ylös
upon,auf,Bazen,pe,su,sur,esetén,peale,päälle
us,uns,gurekin,ne,noi,nous,minket,meid,meille
use,benutzen,erabilera,utilizare,uso,utilisation,használat,kasutamine,käyttää
usually,meistens,normalean,de obicei,generalmente,d'habitude,általában,tavaliselt,yleensä
value,Wert,balio,valoare,valore,valeur,érték,väärtus,arvo
various,verschiedene,zenbait,variat,vario,divers,különféle,eri,eri
very,sehr,oso,foarte,molto,très,nagyon,väga,erittäin
victim,Opfer,biktima,victimă,vittima,victime,áldozat,ohver,uhri
view,Aussicht,ikuspegi,vedere,vista,vue,Kilátás,vaade,näkymä
violence,Gewalt,indarkeria,violenţă,violenza,la violence,erőszak,vägivald,väkivalta
visit,Besuch,bisita,vizita,visita,visite,látogatás,külastus,vierailla
voice,Stimme,ahotsa,voce,voce,voix,hang,hääl,ääni
vote,Abstimmung,boto,vot,votazione,vote,szavazás,hääl,äänestys
wait,warten,itxaron,aștepta,aspettare,attendre,várjon,ootama,odota
walk,gehen,oinez,mers pe jos,camminare,marche,séta,kõndima,kävellä
wall,Wand,horma,perete,parete,mur,fal,sein,seinä
want,wollen,nahi,vrei,volere,vouloir,akar,taha,haluta
war,Krieg,gerra,război,guerra,guerre,háború,sõda,sota
watch,sehen,ikusi,ceas,orologio,regarder,néz,vaatama,katsella
water,Wasser,ur,apă,acqua,eau,víz,vesi,vesi
way,Weg,modu,cale,modo,façon,út,tee,tapa
we,wir,dugu,noi,noi,nous,mi,me,me
weapon,Waffe,arma,armă,arma,arme,fegyver,relv,ase
wear,tragen,higadura,purta,indossare,porter,viselet,kandma,pitää päällä
week,Woche,aste,săptămână,settimana,la semaine,hét,nädal,viikko
weight,Gewicht,pisua,greutate,peso,poids,súly,kaal,paino
well,Gut,ondo,bine,bene,bien,jól,hästi,hyvin
west,Westen,mendebaldean,vest,ovest,Ouest,nyugat,läänes,länsi
western,Western,mendebaldeko,vestic,occidentale,occidental,nyugati,Lääne,Läntinen
what,Was,zer,ce,che cosa,quoi,mit,mida,mitä
whatever,was auch immer,edozein izanda,indiferent de,qualunque cosa,peu importe,tök mindegy,mida iganes,aivan sama
when,wann,noiz,cand,quando,quand,amikor,millal,kun
where,woher,non,Unde,dove,où,hol,kus,missä
whether,ob,ala,dacă,se,qu'il s'agisse,vajon,kas,onko
which,welche,bertan,care,quale,lequel,melyik,mis,joka
while,während,bitartean,in timp ce,mentre,tandis que,míg,kuigi,sillä aikaa
white,Weiß,Zuri-,alb,bianca,blanc,fehér,valge,valkoinen
who,Wer,nor,care,chi,qui,ki,kes,Kuka
whole,ganze,osoa,întreg,totale,entier,egész,kogu,koko
whom,wem,nori,pe cine,chi,qui,kit,kellele,ketä
whose,wessen,Zeinen,a caror,di chi,dont,akinek,kelle,jonka
why,Warum,zergatik,De ce,perché,Pourquoi,miért,miks,miksi
wide,breit,zabal,larg,largo,large,széles,lai,leveä
wife,Ehefrau,emaztea,soție,moglie,femme,feleség,naine,vaimo
will,werden,izango,voi,volontà,volonté,akarat,tahe,tahtoa
win,Sieg,irabazi,victorie,vincere,gagner,győzelem,võit,voittaa
wind,Wind,haize,vânt,vento,vent,szél,tuul,tuuli
window,Fenster,leiho,fereastră,finestra,la fenêtre,ablak,aken,ikkuna
wish,Wunsch,nahi,dori,desiderio,souhait,szeretnék,soov,toive
with,mit,batera,cu,con,avec,val vel,koos,kanssa
within,innerhalb,barruan,în,entro,dans,belül,jooksul,sisällä
without,ohne,gabe,fără,senza,sans pour autant,nélkül,ilma,ilman
woman,Frau,emakume,femeie,donna,femme,nő,naine,nainen
wonder,Wunder,galdetzen,mirare,meravigliarsi,merveille,csoda,imestama,ihme
word,Wort,hitza,cuvânt,parola,mot,szó,sõna,sana
work,Arbeit,lan,muncă,lavoro,travail,munka,töö,työ
worker,Arbeitnehmer,langilea,muncitor,lavoratore,ouvrier,munkás,töötaja,työntekijä
world,Welt,mundu,lume,mondo,monde,világ,maailm,maailman-
worry,Sorge,kezkatu,face griji,preoccupazione,inquiéter,aggodalom,muretsema,huoli
would,würde,litzateke,ar,voluto,aurait,lenne,oleks,olisi
write,schreiben,idatzi,scrie,Scrivi,écrire,ír,kirjutama,kirjoittaa
writer,Schriftsteller,idazleak,scriitor,scrittore,écrivain,író,kirjanik,kirjailija
wrong,falsch,oker,gresit,sbagliato,faux,rossz,vale,väärä
yard,Hof,patioan,curte,cortile,Cour,udvar,õu,piha
yeah,Ja,bai,Da,si,Ouais,igen,jah,Joo
year,Jahr,Urte,an,anno,année,év,aasta,vuosi
yes,Ja,bai,da,sì,Oui,Igen,jah,Joo
yet,noch,oraindik,inca,ancora,encore,még,veel,vielä
you,Sie,zuk,tu,tu,vous,Ön,sa,sinä
young,jung,gazte,tineri,giovane,Jeune,fiatal,noor,nuori
your,Ihre,zure,ta,il tuo,votre,a te,oma,teidän
yourself,dich selbst,Zeuk,tu,te stesso,toi même,saját magad,ise,sinä itse
